"Item","Produto",""
"Item Name","Nome do produto",""
"Item Code","Código do produto",""
"Item Group","Grupo de produto",""
"Item Price","Preço do produto",""
"Price List","Lista de preço",""
"UOM","Unidade de medida",""
"Barcode","Código de barras",""
"Barcodes","Códigos de barras",""
"Warehouse","Depósito",""
"Warehouse Type","Tipo de depósito",""
"Stock","Estoque",""
"Inventory","Estoque",""
"Stock Entry","Movimentação de estoque",""
"Stock Entry Type","Tipo de movimentação",""
"Stock Ledger Entry","Lançamento de estoque",""
"Stock Reconciliation","Contagem de inventário",""
"Material Request","Pedido de reposição",""
"Pick List","Lista de separação",""
"Material Receipt","Entrada",""
"Material Issue","Saída",""
"Material Transfer","Transferência",""
"Material Transfer for Manufacture","Transferência para fabricação",""
"Manufacture","Fabricação",""
"Batch","Lote",""
"Batch No","Número do lote",""
"Has Batch No","Controla lote",""
"Expiry Date","Validade",""
"Expiry","Validade",""
"Has Expiry Date","Controla validade",""
"Shelf Life In Days","Dias de validade",""
"Manufacturing Date","Data de fabricação",""
"Customer","Cliente",""
"Customer Name","Nome do cliente",""
"Supplier","Fornecedor",""
"Supplier Name","Nome do fornecedor",""
"Sales Invoice","Nota de venda",""
"POS Invoice","Venda",""
"Point of Sale","PDV",""
"Point Of Sale","PDV",""
"POS","PDV",""
"POS Profile","Perfil de PDV",""
"POS Opening Entry","Abertura de caixa",""
"POS Closing Entry","Fechamento de caixa",""
"Mode of Payment","Forma de pagamento",""
"Company","Empresa",""
"Cost Center","Centro de custo",""
"Employee","Funcionário",""
"Purchase Receipt","Recebimento de compra",""
"Manufacturing","Fabricação",""
"Workstation","Posto de fabricação",""
"Workstation Type","Tipo de posto de fabricação",""
"Work Order","Ordem de produção",""
"BOM","Receita",""
"Job Card","Cartão de fabricação",""
"Production Plan","Plano de fabricação",""
"Selling","Vendas",""
"Buying","Compras",""
